Jogador,Idade,Selecao,Posicao,Time,URL
Brenden Aaronson,22,United States,MF,ENG Leeds United,https://www.worldometers.info//img/flags/small/tn_us-flag.gif
Ali Abdi,28,Tunisia,DF,FR Caen,https://www.worldometers.info//img/flags/small/tn_ts-flag.gif
Salis Abdul Samed,22,Ghana,MF,FR Lens,https://www.worldometers.info//img/flags/small/tn_gh-flag.gif
Saud Abdulhamid,23,Saudi Arabia,DF,SA Al-Hilal,https://www.worldometers.info//img/flags/small/tn_sa-flag.gif
Nawaf Al Abed,32,Saudi Arabia,MF,SA Al-Shabab,https://www.worldometers.info//img/flags/small/tn_sa-flag.gif
Pape Abou Cissé,27,Senegal,DF,GR Olympiacos,https://www.worldometers.info//img/flags/small/tn_sg-flag.gif
Vincent Aboubakar,30,Cameroon,FW,SA Al-Nassr,https://www.worldometers.info//img/flags/small/tn_cm-flag.gif
Abdulrahman Al-Aboud,27,Saudi Arabia,MF,SA Al-Ittihad,https://www.worldometers.info//img/flags/small/tn_sa-flag.gif
Zakaria Aboukhlal,22,Morocco,MFFW,FR Toulouse,https://www.worldometers.info//img/flags/small/tn_mo-flag.gif
Kellyn Acosta,27,United States,MF,US Los Angeles FC,https://www.worldometers.info//img/flags/small/tn_us-flag.gif
Marcos Acuña,31,Argentina,DF,ES Sevilla,https://www.worldometers.info//img/flags/small/tn_ar-flag.gif
Tyler Adams,23,United States,MF,ENG Leeds United,https://www.worldometers.info//img/flags/small/tn_us-flag.gif
Sam Adekugbe,27,Canada,DF,TR Hatayspor,https://www.worldometers.info//img/flags/small/tn_ca-flag.gif
Michel Aebischer,25,Switzerland,MFFW,IT Bologna,https://www.worldometers.info//img/flags/small/tn_sz-flag.gif
Akram Afif,26,Qatar,FW,QA Al Sadd SC,https://www.worldometers.info//img/flags/small/tn_qa-flag.gif
Nayef Aguerd,26,Morocco,DF,ENG West Ham,https://www.worldometers.info//img/flags/small/tn_mo-flag.gif
Brandon Aguilera,19,Costa Rica,MF,CR Asociación Deportiva Guanacasteca,https://www.worldometers.info//img/flags/small/tn_cs-flag.gif
Homam Ahmed,23,Qatar,DF,QA Al-Gharafa Sports Club,https://www.worldometers.info//img/flags/small/tn_qa-flag.gif
Manuel Akanji,27,Switzerland,DF,ENG Manchester City,https://www.worldometers.info//img/flags/small/tn_sz-flag.gif
Nathan Aké,27,Netherlands,DF,ENG Manchester City,https://www.worldometers.info//img/flags/small/tn_nl-flag.gif
Ahmed Alaaeldin,29,Qatar,FW,QA Al-Gharafa Sports Club,https://www.worldometers.info//img/flags/small/tn_qa-flag.gif
Jordi Alba,33,Spain,DF,ES Barcelona,https://www.worldometers.info//img/flags/small/tn_sp-flag.gif
Toby Alderweireld,33,Belgium,DF,BE Antwerp,https://www.worldometers.info//img/flags/small/tn_be-flag.gif
Trent Alexander-Arnold,24,England,DF,ENG Liverpool,https://www.worldometers.info//img/flags/small/tn_uk-flag.gif
Almoez Ali,26,Qatar,FW,QA Al Duhail SC,https://www.worldometers.info//img/flags/small/tn_qa-flag.gif
Alisson,30,Brazil,GK,ENG Liverpool,https://www.worldometers.info//img/flags/small/tn_br-flag.gif
Joe Allen,32,Wales,MF,ENG Swansea City,https://www.worldometers.info//img/flags/small/tn_cy-flag.gif
Roberto Alvarado,24,Mexico,FW,MX Guadalajara,https://www.worldometers.info//img/flags/small/tn_mx-flag.gif
Edson Álvarez,25,Mexico,MF,NL Ajax,https://www.worldometers.info//img/flags/small/tn_mx-flag.gif
Julián Álvarez,22,Argentina,MFFW,ENG Manchester City,https://www.worldometers.info//img/flags/small/tn_ar-flag.gif
Kevin Álvarez,23,Mexico,DF,MX Pachuca,https://www.worldometers.info//img/flags/small/tn_mx-flag.gif
Selim Amallah,26,Morocco,MF,BE Standard Liège,https://www.worldometers.info//img/flags/small/tn_mo-flag.gif
Daniel Amartey,27,Ghana,DF,ENG Leicester City,https://www.worldometers.info//img/flags/small/tn_gh-flag.gif
Ethan Ampadu,22,Wales,MFDF,IT Spezia,https://www.worldometers.info//img/flags/small/tn_cy-flag.gif
Sofyan Amrabat,26,Morocco,MF,IT Fiorentina,https://www.worldometers.info//img/flags/small/tn_mo-flag.gif
Abdulelah Al-Amri,25,Saudi Arabia,DFMF,SA Al-Nassr,https://www.worldometers.info//img/flags/small/tn_sa-flag.gif
Joachim Andersen,26,Denmark,DF,ENG Crystal Palace,https://www.worldometers.info//img/flags/small/tn_da-flag.gif
Karim Ansarifard,32,IR Iran,FWMF,CY AC Omonia,https://www.worldometers.info//img/flags/small/tn_ir-flag.gif
Antony,22,Brazil,FW,ENG Manchester Utd,https://www.worldometers.info//img/flags/small/tn_br-flag.gif
Uriel Antuna,25,Mexico,FW,MX Cruz Azul,https://www.worldometers.info//img/flags/small/tn_mx-flag.gif
Néstor Araujo,31,Mexico,DF,MX América,https://www.worldometers.info//img/flags/small/tn_mx-flag.gif
Takuma Asano,28,Japan,FW,DE Bochum,https://www.worldometers.info//img/flags/small/tn_ja-flag.gif
Marco Asensio,26,Spain,FW,ES Real Madrid,https://www.worldometers.info//img/flags/small/tn_sp-flag.gif
Ali Assadalla,29,Qatar,MF,QA Al Sadd SC,https://www.worldometers.info//img/flags/small/tn_qa-flag.gif
Lawrence Ati-Zigi,26,Ghana,GK,CH St,https://www.worldometers.info//img/flags/small/tn_gh-flag.gif
Nathaniel Atkinson,23,Australia,DF,SCT Hearts,https://www.worldometers.info//img/flags/small/tn_as-flag.gif
Yahya Attiat Allah,27,Morocco,DF,MA Wydad Casablanca,https://www.worldometers.info//img/flags/small/tn_mo-flag.gif
André Ayew,32,Ghana,MFFW,QA Al Sadd SC,https://www.worldometers.info//img/flags/small/tn_gh-flag.gif
Jordan Ayew,31,Ghana,FW,ENG Crystal Palace,https://www.worldometers.info//img/flags/small/tn_gh-flag.gif
Sardar Azmoun,27,IR Iran,FW,DE Leverkusen,https://www.worldometers.info//img/flags/small/tn_ir-flag.gif
César Azpilicueta,33,Spain,DF,ENG Chelsea,https://www.worldometers.info//img/flags/small/tn_sp-flag.gif
Srđan Babić,26,Serbia,DF,ES Almería,https://www.worldometers.info//img/flags/small/tn_ri-flag.gif
Keanu Baccus,24,Australia,MF,SCT St Mirren,https://www.worldometers.info//img/flags/small/tn_as-flag.gif
Alexander Bah,24,Denmark,DF,PT Benfica,https://www.worldometers.info//img/flags/small/tn_da-flag.gif
Hattan Bahebri,30,Saudi Arabia,MF,SA Al-Shabab,https://www.worldometers.info//img/flags/small/tn_sa-flag.gif
Alejandro Balde,19,Spain,DF,ES Barcelona,https://www.worldometers.info//img/flags/small/tn_sp-flag.gif
Gareth Bale,33,Wales,FW,US Los Angeles FC,https://www.worldometers.info//img/flags/small/tn_cy-flag.gif
Meshaal Barsham,24,Qatar,GK,QA Al Sadd SC,https://www.worldometers.info//img/flags/small/tn_qa-flag.gif
Christian Bassogog,27,Cameroon,MF,CN Shanghai Shen,https://www.worldometers.info//img/flags/small/tn_cm-flag.gif
Michy Batshuayi,29,Belgium,FW,TR Fenerbahçe,https://www.worldometers.info//img/flags/small/tn_be-flag.gif
Aziz Behich,31,Australia,DF,SCT Dundee United,https://www.worldometers.info//img/flags/small/tn_as-flag.gif
Alireza Beiranvand,30,IR Iran,GK,IR Persepolis,https://www.worldometers.info//img/flags/small/tn_ir-flag.gif
Jude Bellingham,19,England,MF,DE Dortmund,https://www.worldometers.info//img/flags/small/tn_uk-flag.gif
Anis Ben Slimane,21,Tunisia,MF,DK Brøndby,https://www.worldometers.info//img/flags/small/tn_ts-flag.gif
Jewison Bennette,18,Costa Rica,MF,ENG Sunderland,https://www.worldometers.info//img/flags/small/tn_cs-flag.gif
Rodrigo Bentancur,25,Uruguay,MF,ENG Tottenham,https://www.worldometers.info//img/flags/small/tn_uy-flag.gif
Bartosz Bereszyński,30,Poland,DF,IT Sampdoria,https://www.worldometers.info//img/flags/small/tn_pl-flag.gif
Steven Berghuis,30,Netherlands,MF,NL Ajax,https://www.worldometers.info//img/flags/small/tn_nl-flag.gif
Steven Bergwijn,25,Netherlands,FW,NL Ajax,https://www.worldometers.info//img/flags/small/tn_nl-flag.gif
Krystian Bielik,24,Poland,MF,ENG Derby County,https://www.worldometers.info//img/flags/small/tn_pl-flag.gif
Daley Blind,32,Netherlands,DF,NL Ajax,https://www.worldometers.info//img/flags/small/tn_nl-flag.gif
Celso Borges,34,Costa Rica,MF,CR Liga Deportiva Alajuelense,https://www.worldometers.info//img/flags/small/tn_cs-flag.gif
Milan Borjan,35,Canada,GK,RS Red Star,https://www.worldometers.info//img/flags/small/tn_ca-flag.gif
Karim Boudiaf,32,Qatar,MF,QA Al Duhail SC,https://www.worldometers.info//img/flags/small/tn_qa-flag.gif
Sofiane Boufal,29,Morocco,FW,FR Angers,https://www.worldometers.info//img/flags/small/tn_mo-flag.gif
Yassine Bounou,31,Morocco,GK,ES Sevilla,https://www.worldometers.info//img/flags/small/tn_mo-flag.gif
Martin Braithwaite,31,Denmark,FWMF,ES Espanyol,https://www.worldometers.info//img/flags/small/tn_da-flag.gif
Mohammed Al-Breik,30,Saudi Arabia,DF,SA Al-Hilal,https://www.worldometers.info//img/flags/small/tn_sa-flag.gif
Dylan Bronn,27,Tunisia,DF,IT Salernitana,https://www.worldometers.info//img/flags/small/tn_ts-flag.gif
Marcelo Brozović,30,Croatia,MF,IT Inter,https://www.worldometers.info//img/flags/small/tn_hr-flag.gif
Tajon Buchanan,23,Canada,MFDF,BE Club Brugge,https://www.worldometers.info//img/flags/small/tn_ca-flag.gif
Osman Bukari,23,Ghana,MF,RS Red Star,https://www.worldometers.info//img/flags/small/tn_gh-flag.gif
Ali Al-Bulaihi,33,Saudi Arabia,DF,SA Al-Hilal,https://www.worldometers.info//img/flags/small/tn_sa-flag.gif
Firas Al-Buraikan,22,Saudi Arabia,MF,SA Al-Fateh,https://www.worldometers.info//img/flags/small/tn_sa-flag.gif
Sergio Busquets,34,Spain,MF,ES Barcelona,https://www.worldometers.info//img/flags/small/tn_sp-flag.gif
Martín Cáceres,35,Uruguay,DF,US LA Galaxy,https://www.worldometers.info//img/flags/small/tn_uy-flag.gif
Moisés Caicedo,21,Ecuador,MF,ENG Brighton,https://www.worldometers.info//img/flags/small/tn_ec-flag.gif
Francisco Calvo,30,Costa Rica,DF,TR Konyaspor,https://www.worldometers.info//img/flags/small/tn_cs-flag.gif
Joel Campbell,30,Costa Rica,FWMF,MX León,https://www.worldometers.info//img/flags/small/tn_cs-flag.gif
João Cancelo,28,Portugal,DF,ENG Manchester City,https://www.worldometers.info//img/flags/small/tn_po-flag.gif
Yannick Carrasco,29,Belgium,DF,ES Atlético Madrid,https://www.worldometers.info//img/flags/small/tn_be-flag.gif
Cameron Carter-Vickers,24,United States,DF,SCT Celtic,https://www.worldometers.info//img/flags/small/tn_us-flag.gif
Dani Carvajal,30,Spain,DF,ES Real Madrid,https://www.worldometers.info//img/flags/small/tn_sp-flag.gif
William Carvalho,30,Portugal,MF,ES Betis,https://www.worldometers.info//img/flags/small/tn_po-flag.gif
Casemiro,30,Brazil,MF,ENG Manchester Utd,https://www.worldometers.info//img/flags/small/tn_br-flag.gif
Matty Cash,25,Poland,DF,ENG Aston Villa,https://www.worldometers.info//img/flags/small/tn_pl-flag.gif
Timothy Castagne,26,Belgium,DF,ENG Leicester City,https://www.worldometers.info//img/flags/small/tn_be-flag.gif
Jean-Charles Castelletto,27,Cameroon,DF,FR Nantes,https://www.worldometers.info//img/flags/small/tn_cm-flag.gif
Lucas Cavallini,29,Canada,FW,US Vancouver,https://www.worldometers.info//img/flags/small/tn_ca-flag.gif
Edinson Cavani,35,Uruguay,FW,ES Valencia,https://www.worldometers.info//img/flags/small/tn_uy-flag.gif
Daniel Chacón,21,Costa Rica,MF,CR CS Cartaginés,https://www.worldometers.info//img/flags/small/tn_cs-flag.gif
Kwon Chang-hoon,28,Korea Republic,FWMF,KR Sangju Sangmu,https://www.worldometers.info//img/flags/small/tn_ks-flag.gif
Luis Chávez,26,Mexico,MF,MX Pachuca,https://www.worldometers.info//img/flags/small/tn_mx-flag.gif
Roozbeh Cheshmi,29,IR Iran,DFMF,IR Esteghlal,https://www.worldometers.info//img/flags/small/tn_ir-flag.gif
Andreas Christensen,26,Denmark,DF,ES Barcelona,https://www.worldometers.info//img/flags/small/tn_da-flag.gif
José Cifuentes,23,Ecuador,MF,US Los Angeles FC,https://www.worldometers.info//img/flags/small/tn_ec-flag.gif
Pathé Ciss,28,Senegal,MF,ES Rayo Vallecano,https://www.worldometers.info//img/flags/small/tn_sg-flag.gif
Sebastián Coates,32,Uruguay,DF,PT Sporting CP,https://www.worldometers.info//img/flags/small/tn_uy-flag.gif
Rubin Colwill,20,Wales,MF,ENG Cardiff City,https://www.worldometers.info//img/flags/small/tn_cy-flag.gif
Kingsley Coman,26,France,FW,DE Bayern Munich,https://www.worldometers.info//img/flags/small/tn_fr-flag.gif
Eray Cömert,24,Switzerland,DF,ES Valencia,https://www.worldometers.info//img/flags/small/tn_sz-flag.gif
Anthony Contreras,22,Costa Rica,FWMF,CR Club Sport Herediano,https://www.worldometers.info//img/flags/small/tn_cs-flag.gif
Andreas Cornelius,29,Denmark,FW,DK FC Copenhagen,https://www.worldometers.info//img/flags/small/tn_da-flag.gif
Diogo Costa,23,Portugal,GK,PT Porto,https://www.worldometers.info//img/flags/small/tn_po-flag.gif
Thibaut Courtois,30,Belgium,GK,ES Real Madrid,https://www.worldometers.info//img/flags/small/tn_be-flag.gif
Jason Cummings,27,Australia,FW,AU Central Coast,https://www.worldometers.info//img/flags/small/tn_as-flag.gif
Aimen Dahmen,25,Tunisia,GK,TN CS Sfaxien,https://www.worldometers.info//img/flags/small/tn_ts-flag.gif
Mikkel Damsgaard,22,Denmark,MFFW,ENG Brentford,https://www.worldometers.info//img/flags/small/tn_da-flag.gif
Danilo,31,Brazil,DF,IT Juventus,https://www.worldometers.info//img/flags/small/tn_br-flag.gif
Jonathan David,22,Canada,FWMF,FR Lille,https://www.worldometers.info//img/flags/small/tn_ca-flag.gif
Alphonso Davies,22,Canada,MFDF,DE Bayern Munich,https://www.worldometers.info//img/flags/small/tn_ca-flag.gif
Ben Davies,29,Wales,DF,ENG Tottenham,https://www.worldometers.info//img/flags/small/tn_cy-flag.gif
Nasser Al-Dawsari,23,Saudi Arabia,FW,SA Al-Hilal,https://www.worldometers.info//img/flags/small/tn_sa-flag.gif
Salem Al-Dawsari,31,Saudi Arabia,MF,SA Al-Hilal,https://www.worldometers.info//img/flags/small/tn_sa-flag.gif
Giorgian De Arrascaeta,28,Uruguay,MF,BR Flamengo,https://www.worldometers.info//img/flags/small/tn_uy-flag.gif
Kevin De Bruyne,31,Belgium,MFFW,ENG Manchester City,https://www.worldometers.info//img/flags/small/tn_be-flag.gif
Charles De Ketelaere,21,Belgium,FW,IT Milan,https://www.worldometers.info//img/flags/small/tn_be-flag.gif
Nicolás De La Cruz,25,Uruguay,MF,AR River Plate,https://www.worldometers.info//img/flags/small/tn_uy-flag.gif
Rodrigo De Paul,28,Argentina,MF,ES Atlético Madrid,https://www.worldometers.info//img/flags/small/tn_ar-flag.gif
Miloš Degenek,28,Australia,DF,US Columbus Crew,https://www.worldometers.info//img/flags/small/tn_as-flag.gif
Thomas Delaney,31,Denmark,MF,ES Sevilla,https://www.worldometers.info//img/flags/small/tn_da-flag.gif
Ousmane Dembélé,25,France,FW,ES Barcelona,https://www.worldometers.info//img/flags/small/tn_fr-flag.gif
Leander Dendoncker,27,Belgium,DF,ENG Aston Villa,https://www.worldometers.info//img/flags/small/tn_be-flag.gif
Memphis Depay,28,Netherlands,FW,ES Barcelona,https://www.worldometers.info//img/flags/small/tn_nl-flag.gif
Sergiño Dest,22,United States,DF,IT Milan,https://www.worldometers.info//img/flags/small/tn_us-flag.gif
Ángel Di María,34,Argentina,MF,IT Juventus,https://www.worldometers.info//img/flags/small/tn_ar-flag.gif
Boulaye Dia,26,Senegal,FW,IT Salernitana,https://www.worldometers.info//img/flags/small/tn_sg-flag.gif
Abdou Diallo,26,Senegal,DF,DE RB Leipzig,https://www.worldometers.info//img/flags/small/tn_sg-flag.gif
Rúben Dias,25,Portugal,DF,ENG Manchester City,https://www.worldometers.info//img/flags/small/tn_po-flag.gif
Krépin Diatta,23,Senegal,FWMF,FR Monaco,https://www.worldometers.info//img/flags/small/tn_sg-flag.gif
Famara Diedhiou,29,Senegal,FW,TR Alanyaspor,https://www.worldometers.info//img/flags/small/tn_sg-flag.gif
Bamba Dieng,22,Senegal,FW,FR Marseille,https://www.worldometers.info//img/flags/small/tn_sg-flag.gif
Eric Dier,28,England,DF,ENG Tottenham,https://www.worldometers.info//img/flags/small/tn_uk-flag.gif
Alexander Djiku,28,Ghana,DFFW,FR Strasbourg,https://www.worldometers.info//img/flags/small/tn_gh-flag.gif
Ritsu Doan,24,Japan,FW,DE Freiburg,https://www.worldometers.info//img/flags/small/tn_ja-flag.gif
Kasper Dolberg,25,Denmark,FW,ES Sevilla,https://www.worldometers.info//img/flags/small/tn_da-flag.gif
Mohamed Dräger,26,Tunisia,DF,CH Luzern,https://www.worldometers.info//img/flags/small/tn_ts-flag.gif
Óscar Duarte,33,Costa Rica,DF,SA Al-Wehda,https://www.worldometers.info//img/flags/small/tn_cs-flag.gif
Mitchell Duke,31,Australia,FW,JP Fagi Okayama,https://www.worldometers.info//img/flags/small/tn_as-flag.gif
Denzel Dumfries,26,Netherlands,DF,IT Inter,https://www.worldometers.info//img/flags/small/tn_nl-flag.gif
Jorge Eduardo Sánchez,24,Mexico,DF,NL Ajax,https://www.worldometers.info//img/flags/small/tn_mx-flag.gif
Nico Elvedi,26,Switzerland,DF,DE M'Gladbach,https://www.worldometers.info//img/flags/small/tn_sz-flag.gif
Breel Embolo,25,Switzerland,FW,FR Monaco,https://www.worldometers.info//img/flags/small/tn_sz-flag.gif
Youssef En-Nesyri,25,Morocco,FW,ES Sevilla,https://www.worldometers.info//img/flags/small/tn_mo-flag.gif
Wataru Endo,29,Japan,MF,DE Stuttgart,https://www.worldometers.info//img/flags/small/tn_ja-flag.gif
Devis Epassy,29,Cameroon,GK,SA Abha,https://www.worldometers.info//img/flags/small/tn_cm-flag.gif
Christian Eriksen,30,Denmark,MF,ENG Manchester Utd,https://www.worldometers.info//img/flags/small/tn_da-flag.gif
Michael Estrada,26,Ecuador,FW,MX Cruz Azul,https://www.worldometers.info//img/flags/small/tn_ec-flag.gif
Pervis Estupiñán,24,Ecuador,DF,ENG Brighton,https://www.worldometers.info//img/flags/small/tn_ec-flag.gif
Stephen Eustáquio,25,Canada,MF,PT Porto,https://www.worldometers.info//img/flags/small/tn_ca-flag.gif
Saeid Ezatolahi,26,IR Iran,MF,DK Vejle BK,https://www.worldometers.info//img/flags/small/tn_ir-flag.gif
Abdessamad Ezzalzouli,20,Morocco,FW,ES Osasuna,https://www.worldometers.info//img/flags/small/tn_mo-flag.gif
Collins Fai,30,Cameroon,DF,SA Al-Ta'ee,https://www.worldometers.info//img/flags/small/tn_cm-flag.gif
Salman Al-Faraj,33,Saudi Arabia,MF,SA Al-Hilal,https://www.worldometers.info//img/flags/small/tn_sa-flag.gif
João Félix,23,Portugal,FW,ES Atlético Madrid,https://www.worldometers.info//img/flags/small/tn_po-flag.gif
Bruno Fernandes,28,Portugal,MFFW,ENG Manchester Utd,https://www.worldometers.info//img/flags/small/tn_po-flag.gif
Edimilson Fernandes,26,Switzerland,FWDF,DE Mainz 05,https://www.worldometers.info//img/flags/small/tn_sz-flag.gif
Enzo Fernández,21,Argentina,MF,PT Benfica,https://www.worldometers.info//img/flags/small/tn_ar-flag.gif
Phil Foden,22,England,FWMF,ENG Manchester City,https://www.worldometers.info//img/flags/small/tn_uk-flag.gif
Youssouf Fofana,23,France,MF,FR Monaco,https://www.worldometers.info//img/flags/small/tn_fr-flag.gif
Alan Franco,24,Ecuador,MF,AR Talleres,https://www.worldometers.info//img/flags/small/tn_ec-flag.gif
Przemysław Frankowski,27,Poland,MF,FR Lens,https://www.worldometers.info//img/flags/small/tn_pl-flag.gif
Fred,29,Brazil,MF,ENG Manchester Utd,https://www.worldometers.info//img/flags/small/tn_br-flag.gif
Fabian Frei,33,Switzerland,MF,CH Basel,https://www.worldometers.info//img/flags/small/tn_sz-flag.gif
Remo Freuler,30,Switzerland,MF,ENG Nott'ham Forest,https://www.worldometers.info//img/flags/small/tn_sz-flag.gif
Keysher Fuller,28,Costa Rica,DFMF,CR Club Sport Herediano,https://www.worldometers.info//img/flags/small/tn_cs-flag.gif
Niclas Füllkrug,29,Germany,FW,DE Werder Bremen,https://www.worldometers.info//img/flags/small/tn_gm-flag.gif
Cody Gakpo,23,Netherlands,FWMF,NL PSV Eindhoven,https://www.worldometers.info//img/flags/small/tn_nl-flag.gif
Hernán Galíndez,35,Ecuador,GK,EC SD Aucas,https://www.worldometers.info//img/flags/small/tn_ec-flag.gif
Jesús Gallardo,28,Mexico,DF,MX Monterrey,https://www.worldometers.info//img/flags/small/tn_mx-flag.gif
Idrissa Gana Gueye,33,Senegal,MF,ENG Everton,https://www.worldometers.info//img/flags/small/tn_sg-flag.gif
Gavi,18,Spain,MF,ES Barcelona,https://www.worldometers.info//img/flags/small/tn_sp-flag.gif
Sultan Al-Ghanam,28,Saudi Arabia,DFMF,SA Al-Nassr,https://www.worldometers.info//img/flags/small/tn_sa-flag.gif
Saman Ghoddos,29,IR Iran,MF,ENG Brentford,https://www.worldometers.info//img/flags/small/tn_ir-flag.gif
Ali Gholizadeh,26,IR Iran,MFFW,BE Charleroi,https://www.worldometers.info//img/flags/small/tn_ir-flag.gif
Olivier Giroud,36,France,FW,IT Milan,https://www.worldometers.info//img/flags/small/tn_fr-flag.gif
Kamil Glik,34,Poland,DF,IT Benevento,https://www.worldometers.info//img/flags/small/tn_pl-flag.gif
Serge Gnabry,27,Germany,FW,DE Bayern Munich,https://www.worldometers.info//img/flags/small/tn_gm-flag.gif
Diego Godín,36,Uruguay,DF,AR Vélez Sarsf,https://www.worldometers.info//img/flags/small/tn_uy-flag.gif
Maxi Gómez,26,Uruguay,FW,TR Trabzonspor,https://www.worldometers.info//img/flags/small/tn_uy-flag.gif
Papu Gómez,34,Argentina,MF,ES Sevilla,https://www.worldometers.info//img/flags/small/tn_ar-flag.gif
Shūichi Gonda,33,Japan,GK,JP S-Pulse,https://www.worldometers.info//img/flags/small/tn_ja-flag.gif
Craig Goodwin,30,Australia,MF,AU Adelaide,https://www.worldometers.info//img/flags/small/tn_as-flag.gif
Leon Goretzka,27,Germany,MF,DE Bayern Munich,https://www.worldometers.info//img/flags/small/tn_gm-flag.gif
Mario Götze,30,Germany,MF,DE Eint Frankfurt,https://www.worldometers.info//img/flags/small/tn_gm-flag.gif
Jack Grealish,27,England,FW,ENG Manchester City,https://www.worldometers.info//img/flags/small/tn_uk-flag.gif
Antoine Griezmann,31,France,MF,ES Atlético Madrid,https://www.worldometers.info//img/flags/small/tn_fr-flag.gif
Carlos Gruezo,27,Ecuador,MF,DE Augsburg,https://www.worldometers.info//img/flags/small/tn_ec-flag.gif
Marko Grujić,26,Serbia,MF,PT Porto,https://www.worldometers.info//img/flags/small/tn_ri-flag.gif
Andrés Guardado,36,Mexico,MF,ES Betis,https://www.worldometers.info//img/flags/small/tn_mx-flag.gif
Nemanja Gudelj,31,Serbia,MF,ES Sevilla,https://www.worldometers.info//img/flags/small/tn_ri-flag.gif
Raphaël Guerreiro,28,Portugal,DF,DE Dortmund,https://www.worldometers.info//img/flags/small/tn_po-flag.gif
Cho Guesung,24,Korea Republic,FW,KR Jeonbuk,https://www.worldometers.info//img/flags/small/tn_ks-flag.gif
Pape Gueye,23,Senegal,MF,FR Marseille,https://www.worldometers.info//img/flags/small/tn_sg-flag.gif
Bruno Guimarães,25,Brazil,MF,ENG Newcastle Utd,https://www.worldometers.info//img/flags/small/tn_br-flag.gif
İlkay Gündoğan,32,Germany,MF,ENG Manchester City,https://www.worldometers.info//img/flags/small/tn_gm-flag.gif
Erick Gutiérrez,27,Mexico,MF,NL PSV Eindhoven,https://www.worldometers.info//img/flags/small/tn_mx-flag.gif
Joško Gvardiol,20,Croatia,DF,DE RB Leipzig,https://www.worldometers.info//img/flags/small/tn_hr-flag.gif
Asiri Haitham,21,Saudi Arabia,FW,SA Al-Ahli,https://www.worldometers.info//img/flags/small/tn_sa-flag.gif
Ehsan Hajsafi,32,IR Iran,MFDF,GR AEK Athens,https://www.worldometers.info//img/flags/small/tn_ir-flag.gif
Achraf Hakimi,24,Morocco,DF,FR Paris S-G,https://www.worldometers.info//img/flags/small/tn_mo-flag.gif
Abderrazak Hamdallah,31,Morocco,FW,SA Al-Ittihad,https://www.worldometers.info//img/flags/small/tn_mo-flag.gif
Abdelkarim Hassan,29,Qatar,DF,QA Al Sadd SC,https://www.worldometers.info//img/flags/small/tn_qa-flag.gif
Abdulaziz Hatem,32,Qatar,MF,QA Al Rayyan SC,https://www.worldometers.info//img/flags/small/tn_qa-flag.gif
Kai Havertz,23,Germany,FW,ENG Chelsea,https://www.worldometers.info//img/flags/small/tn_gm-flag.gif
Hassan Al-Haydos,31,Qatar,MF,QA Al Sadd SC,https://www.worldometers.info//img/flags/small/tn_qa-flag.gif
Eden Hazard,31,Belgium,MF,ES Real Madrid,https://www.worldometers.info//img/flags/small/tn_be-flag.gif
Thorgan Hazard,29,Belgium,FW,DE Dortmund,https://www.worldometers.info//img/flags/small/tn_be-flag.gif
Jordan Henderson,32,England,MF,ENG Liverpool,https://www.worldometers.info//img/flags/small/tn_uk-flag.gif
Wayne Hennessey,35,Wales,GK,ENG Nott'ham Forest,https://www.worldometers.info//img/flags/small/tn_cy-flag.gif
Lucas Hernández,26,France,DF,DE Bayern Munich,https://www.worldometers.info//img/flags/small/tn_fr-flag.gif
Theo Hernández,25,France,DF,IT Milan,https://www.worldometers.info//img/flags/small/tn_fr-flag.gif
Héctor Herrera,32,Mexico,MF,US Houston Dynamo,https://www.worldometers.info//img/flags/small/tn_mx-flag.gif
Son Heung-min,30,Korea Republic,FW,ENG Tottenham,https://www.worldometers.info//img/flags/small/tn_ks-flag.gif
Piero Hincapié,20,Ecuador,DF,DE Leverkusen,https://www.worldometers.info//img/flags/small/tn_ec-flag.gif
Jonas Hofmann,30,Germany,FW,DE M'Gladbach,https://www.worldometers.info//img/flags/small/tn_gm-flag.gif
Junior Hoilett,32,Canada,MFFW,ENG Reading,https://www.worldometers.info//img/flags/small/tn_ca-flag.gif
Martin Hongla,24,Cameroon,MF,IT Hellas Verona,https://www.worldometers.info//img/flags/small/tn_cm-flag.gif
Hossein Hosseini,30,IR Iran,GK,IR Esteghlal,https://www.worldometers.info//img/flags/small/tn_ir-flag.gif
Majid Hosseini,26,IR Iran,DF,TR Kayserispor,https://www.worldometers.info//img/flags/small/tn_ir-flag.gif
Ajdin Hrustic,26,Australia,FW,IT Hellas Verona,https://www.worldometers.info//img/flags/small/tn_as-flag.gif
Atiba Hutchinson,39,Canada,MF,TR Beşiktaş,https://www.worldometers.info//img/flags/small/tn_ca-flag.gif
Pierre Højbjerg,27,Denmark,MF,ENG Tottenham,https://www.worldometers.info//img/flags/small/tn_da-flag.gif
Romario Ibarra,28,Ecuador,MF,MX Pachuca,https://www.worldometers.info//img/flags/small/tn_ec-flag.gif
Ivan Ilić,21,Serbia,MF,IT Hellas Verona,https://www.worldometers.info//img/flags/small/tn_ri-flag.gif
Hwang In-beom,26,Korea Republic,MF,GR Olympiacos,https://www.worldometers.info//img/flags/small/tn_ks-flag.gif
Jackson Irvine,29,Australia,MF,DE St,https://www.worldometers.info//img/flags/small/tn_as-flag.gif
Ko Itakura,25,Japan,DF,DE M'Gladbach,https://www.worldometers.info//img/flags/small/tn_ja-flag.gif
Hiroki Ito,23,Japan,DF,DE Stuttgart,https://www.worldometers.info//img/flags/small/tn_ja-flag.gif
Junya Ito,29,Japan,FWMF,FR Reims,https://www.worldometers.info//img/flags/small/tn_ja-flag.gif
Nicolas Jackson,21,Senegal,FW,ES Villarreal,https://www.worldometers.info//img/flags/small/tn_sg-flag.gif
Lee Jae-sung,30,Korea Republic,MF,DE Mainz 05,https://www.worldometers.info//img/flags/small/tn_ks-flag.gif
Alireza Jahanbakhsh,29,IR Iran,MF,NL Feyenoord,https://www.worldometers.info//img/flags/small/tn_ir-flag.gif
Ismail Jakobs,23,Senegal,DF,FR Monaco,https://www.worldometers.info//img/flags/small/tn_sg-flag.gif
Abolfazl Jalali,24,IR Iran,DF,IR Esteghlal,https://www.worldometers.info//img/flags/small/tn_ir-flag.gif
Daniel James,25,Wales,FWMF,ENG Fulham,https://www.worldometers.info//img/flags/small/tn_cy-flag.gif
Vincent Janssen,28,Netherlands,FW,BE Antwerp,https://www.worldometers.info//img/flags/small/tn_nl-flag.gif
Kevin Jauch,30,Ecuador,FW,EC CA Santo Domingo,https://www.worldometers.info//img/flags/small/tn_ec-flag.gif
Issam Jebali,30,Tunisia,FW,DK Odense,https://www.worldometers.info//img/flags/small/tn_ts-flag.gif
Mathias Jensen,26,Denmark,MF,ENG Brentford,https://www.worldometers.info//img/flags/small/tn_da-flag.gif
Gabriel Jesus,25,Brazil,FW,ENG Arsenal,https://www.worldometers.info//img/flags/small/tn_br-flag.gif
Raúl Jiménez,31,Mexico,FWDF,ENG Wolves,https://www.worldometers.info//img/flags/small/tn_mx-flag.gif
Kim Jin-su,30,Korea Republic,DF,KR Jeonbuk,https://www.worldometers.info//img/flags/small/tn_ks-flag.gif
Brennan Johnson,21,Wales,FWMF,ENG Nott'ham Forest,https://www.worldometers.info//img/flags/small/tn_cy-flag.gif
Alistair Johnston,24,Canada,DF,US CF Montréal,https://www.worldometers.info//img/flags/small/tn_ca-flag.gif
Frenkie de Jong,25,Netherlands,MF,ES Barcelona,https://www.worldometers.info//img/flags/small/tn_nl-flag.gif
Son Jun-ho,30,Korea Republic,MF,CN Shandong Lunen,https://www.worldometers.info//img/flags/small/tn_ks-flag.gif
Vinicius Júnior,22,Brazil,FW,ES Real Madrid,https://www.worldometers.info//img/flags/small/tn_br-flag.gif
Josip Juranović,27,Croatia,DF,SCT Celtic,https://www.worldometers.info//img/flags/small/tn_hr-flag.gif
Daichi Kamada,26,Japan,MFFW,DE Eint Frankfurt,https://www.worldometers.info//img/flags/small/tn_ja-flag.gif
Jakub Kamiński,20,Poland,MF,DE Wolfsburg,https://www.worldometers.info//img/flags/small/tn_pl-flag.gif
Hossein Kanaanizadegan,28,IR Iran,DF,QA Al Ahli SC,https://www.worldometers.info//img/flags/small/tn_ir-flag.gif
Harry Kane,29,England,FW,ENG Tottenham,https://www.worldometers.info//img/flags/small/tn_uk-flag.gif
Lee Kangin,21,Korea Republic,MFFW,ES Mallorca,https://www.worldometers.info//img/flags/small/tn_ks-flag.gif
Mohamed Kanno,28,Saudi Arabia,MF,SA Al-Hilal,https://www.worldometers.info//img/flags/small/tn_sa-flag.gif
Fran Karačić,26,Australia,DF,IT Brescia,https://www.worldometers.info//img/flags/small/tn_as-flag.gif
Ali Karimi,28,IR Iran,MF,TR Kayserispor,https://www.worldometers.info//img/flags/small/tn_ir-flag.gif
Wajdi Kechrida,27,Tunisia,DF,GR Atromitos,https://www.worldometers.info//img/flags/small/tn_ts-flag.gif
Thilo Kehrer,26,Germany,DF,ENG West Ham,https://www.worldometers.info//img/flags/small/tn_gm-flag.gif
Wahbi Khazri,31,Tunisia,MF,FR Montpellier,https://www.worldometers.info//img/flags/small/tn_ts-flag.gif
Musab Kheder,29,Qatar,DF,QA Al Sadd SC,https://www.worldometers.info//img/flags/small/tn_qa-flag.gif
Boualem Khoukhi,32,Qatar,DF,QA Al Sadd SC,https://www.worldometers.info//img/flags/small/tn_qa-flag.gif
Joshua Kimmich,27,Germany,MF,DE Bayern Munich,https://www.worldometers.info//img/flags/small/tn_gm-flag.gif
Jakub Kiwior,22,Poland,DF,IT Spezia,https://www.worldometers.info//img/flags/small/tn_pl-flag.gif
Simon Kjær,33,Denmark,DF,IT Milan,https://www.worldometers.info//img/flags/small/tn_da-flag.gif
Davy Klaassen,29,Netherlands,MFFW,NL Ajax,https://www.worldometers.info//img/flags/small/tn_nl-flag.gif
Lukas Klostermann,26,Germany,DF,DE RB Leipzig,https://www.worldometers.info//img/flags/small/tn_gm-flag.gif
Koke,30,Spain,MF,ES Atlético Madrid,https://www.worldometers.info//img/flags/small/tn_sp-flag.gif
Ibrahima Konaté,23,France,DF,ENG Liverpool,https://www.worldometers.info//img/flags/small/tn_fr-flag.gif
Ismaël Koné,20,Canada,MF,US CF Montréal,https://www.worldometers.info//img/flags/small/tn_ca-flag.gif
Teun Koopmeiners,24,Netherlands,MF,IT Atalanta,https://www.worldometers.info//img/flags/small/tn_nl-flag.gif
Filip Kostić,30,Serbia,DFFW,IT Juventus,https://www.worldometers.info//img/flags/small/tn_ri-flag.gif
Kalidou Koulibaly,31,Senegal,DF,ENG Chelsea,https://www.worldometers.info//img/flags/small/tn_sg-flag.gif
Jules Koundé,24,France,DF,ES Barcelona,https://www.worldometers.info//img/flags/small/tn_fr-flag.gif
Cheikhou Kouyaté,32,Senegal,MF,ENG Nott'ham Forest,https://www.worldometers.info//img/flags/small/tn_sg-flag.gif
Mateo Kovačić,28,Croatia,MF,ENG Chelsea,https://www.worldometers.info//img/flags/small/tn_hr-flag.gif
Andrej Kramarić,31,Croatia,FW,DE Hoffenheim,https://www.worldometers.info//img/flags/small/tn_hr-flag.gif
Grzegorz Krychowiak,32,Poland,MF,SA Al-Shabab,https://www.worldometers.info//img/flags/small/tn_pl-flag.gif
Takefusa Kubo,21,Japan,FW,ES Real Sociedad,https://www.worldometers.info//img/flags/small/tn_ja-flag.gif
Pierre Kunde,27,Cameroon,MF,GR Olympiacos,https://www.worldometers.info//img/flags/small/tn_cm-flag.gif
Garang Kuol,18,Australia,MF,AU Central Coast,https://www.worldometers.info//img/flags/small/tn_as-flag.gif
Daniel Kyereh,26,Ghana,MFDF,DE Freiburg,https://www.worldometers.info//img/flags/small/tn_gh-flag.gif
Kwon Kyung-won,30,Korea Republic,DF,JP Gamba Osaka,https://www.worldometers.info//img/flags/small/tn_ks-flag.gif
Aïssa Laïdouni,25,Tunisia,MF,HU Ferencváros,https://www.worldometers.info//img/flags/small/tn_ts-flag.gif
Tariq Lamptey,22,Ghana,DF,ENG Brighton,https://www.worldometers.info//img/flags/small/tn_gh-flag.gif
Aymeric Laporte,28,Spain,DF,ENG Manchester City,https://www.worldometers.info//img/flags/small/tn_sp-flag.gif
Cyle Larin,27,Canada,FW,BE Club Brugge,https://www.worldometers.info//img/flags/small/tn_ca-flag.gif
Richie Laryea,27,Canada,DF,US Toronto FC,https://www.worldometers.info//img/flags/small/tn_ca-flag.gif
Darko Lazović,32,Serbia,DF,IT Hellas Verona,https://www.worldometers.info//img/flags/small/tn_ri-flag.gif
Rafael Leão,23,Portugal,FW,IT Milan,https://www.worldometers.info//img/flags/small/tn_po-flag.gif
Mathew Leckie,31,Australia,MF,AU Melb City,https://www.worldometers.info//img/flags/small/tn_as-flag.gif
Robert Lewandowski,34,Poland,FW,ES Barcelona,https://www.worldometers.info//img/flags/small/tn_pl-flag.gif
Matthijs de Ligt,23,Netherlands,DF,DE Bayern Munich,https://www.worldometers.info//img/flags/small/tn_nl-flag.gif
Jesper Lindstrøm,22,Denmark,MFFW,DE Eint Frankfurt,https://www.worldometers.info//img/flags/small/tn_da-flag.gif
Marko Livaja,29,Croatia,FW,HR Hajduk Split,https://www.worldometers.info//img/flags/small/tn_hr-flag.gif
Dominik Livaković,27,Croatia,GK,HR Dinamo Zagreb,https://www.worldometers.info//img/flags/small/tn_hr-flag.gif
Hugo Lloris,35,France,GK,ENG Tottenham,https://www.worldometers.info//img/flags/small/tn_fr-flag.gif
Dejan Lovren,33,Croatia,DF,RU Zenit,https://www.worldometers.info//img/flags/small/tn_hr-flag.gif
Hirving Lozano,27,Mexico,FW,IT Napoli,https://www.worldometers.info//img/flags/small/tn_mx-flag.gif
Romelu Lukaku,29,Belgium,FW,IT Inter,https://www.worldometers.info//img/flags/small/tn_be-flag.gif
Saša Lukić,26,Serbia,MF,IT Torino,https://www.worldometers.info//img/flags/small/tn_ri-flag.gif
Awer Mabil,27,Australia,MF,ES Cádiz,https://www.worldometers.info//img/flags/small/tn_as-flag.gif
Alexis Mac Allister,23,Argentina,MF,ENG Brighton,https://www.worldometers.info//img/flags/small/tn_ar-flag.gif
Jamie Maclaren,29,Australia,FW,AU Melb City,https://www.worldometers.info//img/flags/small/tn_as-flag.gif
Assim Madibo,26,Qatar,MF,QA Al Duhail SC,https://www.worldometers.info//img/flags/small/tn_qa-flag.gif
Daizen Maeda,25,Japan,FW,SCT Celtic,https://www.worldometers.info//img/flags/small/tn_ja-flag.gif
Harry Maguire,29,England,DF,ENG Manchester Utd,https://www.worldometers.info//img/flags/small/tn_uk-flag.gif
Lovro Majer,24,Croatia,MF,FR Rennes,https://www.worldometers.info//img/flags/small/tn_hr-flag.gif
Nemanja Maksimović,27,Serbia,MF,ES Getafe,https://www.worldometers.info//img/flags/small/tn_ri-flag.gif
Abdulellah Al-Malki,28,Saudi Arabia,MF,SA Al-Hilal,https://www.worldometers.info//img/flags/small/tn_sa-flag.gif
José María Giménez,27,Uruguay,DF,ES Atlético Madrid,https://www.worldometers.info//img/flags/small/tn_uy-flag.gif
João Mário,29,Portugal,FW,PT Benfica,https://www.worldometers.info//img/flags/small/tn_po-flag.gif
Marquinhos,28,Brazil,DF,FR Paris S-G,https://www.worldometers.info//img/flags/small/tn_br-flag.gif
Henry Martín,30,Mexico,FW,MX América,https://www.worldometers.info//img/flags/small/tn_mx-flag.gif
Martinelli,21,Brazil,FW,ENG Arsenal,https://www.worldometers.info//img/flags/small/tn_br-flag.gif
Carlos Martínez,23,Costa Rica,DF,CR AD San Carlos,https://www.worldometers.info//img/flags/small/tn_cs-flag.gif
Emiliano Martínez,30,Argentina,GK,ENG Aston Villa,https://www.worldometers.info//img/flags/small/tn_ar-flag.gif
Lautaro Martínez,25,Argentina,FW,IT Inter,https://www.worldometers.info//img/flags/small/tn_ar-flag.gif
Lisandro Martínez,24,Argentina,DF,ENG Manchester Utd,https://www.worldometers.info//img/flags/small/tn_ar-flag.gif
Pape Matar Sarr,20,Senegal,MF,ENG Tottenham,https://www.worldometers.info//img/flags/small/tn_sg-flag.gif
Rónald Matarrita,28,Costa Rica,DF,US FC Cincinnati,https://www.worldometers.info//img/flags/small/tn_cs-flag.gif
Eric Maxim Choupo-Moting,33,Cameroon,FW,DE Bayern Munich,https://www.worldometers.info//img/flags/small/tn_cm-flag.gif
Noussair Mazraoui,25,Morocco,DF,DE Bayern Munich,https://www.worldometers.info//img/flags/small/tn_mo-flag.gif
Kylian Mbappé,23,France,FW,FR Paris S-G,https://www.worldometers.info//img/flags/small/tn_fr-flag.gif
Bryan Mbeumo,23,Cameroon,FWMF,ENG Brentford,https://www.worldometers.info//img/flags/small/tn_cm-flag.gif
Riley McGree,24,Australia,MFFW,ENG Middlesbrough,https://www.worldometers.info//img/flags/small/tn_as-flag.gif
Weston McKennie,24,United States,MF,IT Juventus,https://www.worldometers.info//img/flags/small/tn_us-flag.gif
Hannibal Mejbri,19,Tunisia,MF,ENG Birmingham City,https://www.worldometers.info//img/flags/small/tn_ts-flag.gif
Nuno Mendes,20,Portugal,DF,FR Paris S-G,https://www.worldometers.info//img/flags/small/tn_po-flag.gif
Jhegson Méndez,25,Ecuador,MF,US Los Angeles FC,https://www.worldometers.info//img/flags/small/tn_ec-flag.gif
Edouard Mendy,30,Senegal,GK,ENG Chelsea,https://www.worldometers.info//img/flags/small/tn_sg-flag.gif
Nampalys Mendy,30,Senegal,MF,ENG Leicester City,https://www.worldometers.info//img/flags/small/tn_sg-flag.gif
Gideon Mensah,24,Ghana,DF,FR Auxerre,https://www.worldometers.info//img/flags/small/tn_gh-flag.gif
Chris Mepham,25,Wales,DF,ENG Bournemouth,https://www.worldometers.info//img/flags/small/tn_cy-flag.gif
Yassine Meriah,29,Tunisia,DF,TN Espérance de Tunis,https://www.worldometers.info//img/flags/small/tn_ts-flag.gif
Dries Mertens,35,Belgium,FWMF,TR Galatasaray,https://www.worldometers.info//img/flags/small/tn_be-flag.gif
Lionel Messi,35,Argentina,FW,FR Paris S-G,https://www.worldometers.info//img/flags/small/tn_ar-flag.gif
Thomas Meunier,31,Belgium,DF,DE Dortmund,https://www.worldometers.info//img/flags/small/tn_be-flag.gif
Nikola Milenković,25,Serbia,DF,IT Fiorentina,https://www.worldometers.info//img/flags/small/tn_ri-flag.gif
Arkadiusz Milik,28,Poland,FWMF,IT Juventus,https://www.worldometers.info//img/flags/small/tn_pl-flag.gif
Sergej Milinković-Savić,27,Serbia,MF,IT Lazio,https://www.worldometers.info//img/flags/small/tn_ri-flag.gif
Vanja Milinković-Savić,25,Serbia,GK,IT Torino,https://www.worldometers.info//img/flags/small/tn_ri-flag.gif
Éder Militão,24,Brazil,DF,ES Real Madrid,https://www.worldometers.info//img/flags/small/tn_br-flag.gif
Liam Millar,23,Canada,DF,CH Basel,https://www.worldometers.info//img/flags/small/tn_ca-flag.gif
Kamal Miller,25,Canada,DF,US CF Montréal,https://www.worldometers.info//img/flags/small/tn_ca-flag.gif
Kim Min-jae,26,Korea Republic,DF,IT Napoli,https://www.worldometers.info//img/flags/small/tn_ks-flag.gif
Takumi Minamino,27,Japan,FW,FR Monaco,https://www.worldometers.info//img/flags/small/tn_ja-flag.gif
Kaoru Mitoma,25,Japan,MF,ENG Brighton,https://www.worldometers.info//img/flags/small/tn_ja-flag.gif
Aleksandar Mitrović,28,Serbia,FW,ENG Fulham,https://www.worldometers.info//img/flags/small/tn_ri-flag.gif
Stefan Mitrović,32,Serbia,DF,ES Getafe,https://www.worldometers.info//img/flags/small/tn_ri-flag.gif
Filip Mladenović,31,Serbia,DF,PL Legia Warsaw,https://www.worldometers.info//img/flags/small/tn_ri-flag.gif
Luka Modrić,37,Croatia,MF,ES Real Madrid,https://www.worldometers.info//img/flags/small/tn_hr-flag.gif
Ismail Mohamad,32,Qatar,FW,QA Al Duhail SC,https://www.worldometers.info//img/flags/small/tn_qa-flag.gif
Milad Mohammadi,29,IR Iran,DF,GR AEK Athens,https://www.worldometers.info//img/flags/small/tn_ir-flag.gif
Kudus Mohammed,22,Ghana,FWMF,NL Ajax,https://www.worldometers.info//img/flags/small/tn_gh-flag.gif
Sadegh Moharrami,26,IR Iran,DF,HR Dinamo Zagreb,https://www.worldometers.info//img/flags/small/tn_ir-flag.gif
Nahuel Molina,24,Argentina,DF,ES Atlético Madrid,https://www.worldometers.info//img/flags/small/tn_ar-flag.gif
César Montes,25,Mexico,DF,MX Monterrey,https://www.worldometers.info//img/flags/small/tn_mx-flag.gif
Gonzalo Montiel,25,Argentina,DF,ES Sevilla,https://www.worldometers.info//img/flags/small/tn_ar-flag.gif
Kim Moonhwan,27,Korea Republic,DF,KR Jeonbuk,https://www.worldometers.info//img/flags/small/tn_ks-flag.gif
Kieffer Moore,30,Wales,FW,ENG Bournemouth,https://www.worldometers.info//img/flags/small/tn_cy-flag.gif
Shaquell Moore,26,United States,DF,US Nashville,https://www.worldometers.info//img/flags/small/tn_us-flag.gif
Aaron Mooy,32,Australia,MF,SCT Celtic,https://www.worldometers.info//img/flags/small/tn_as-flag.gif
Álvaro Morata,30,Spain,FW,ES Atlético Madrid,https://www.worldometers.info//img/flags/small/tn_sp-flag.gif
Héctor Moreno,34,Mexico,DF,MX Monterrey,https://www.worldometers.info//img/flags/small/tn_mx-flag.gif
Hidemasa Morita,27,Japan,MF,PT Sporting CP,https://www.worldometers.info//img/flags/small/tn_ja-flag.gif
Joe Morrell,25,Wales,MF,ENG Portsmouth,https://www.worldometers.info//img/flags/small/tn_cy-flag.gif
Jordan Morris,28,United States,FW,US Seattle,https://www.worldometers.info//img/flags/small/tn_us-flag.gif
Youssoufa Moukoko,18,Germany,FW,DE Dortmund,https://www.worldometers.info//img/flags/small/tn_gm-flag.gif
Mason Mount,23,England,MF,ENG Chelsea,https://www.worldometers.info//img/flags/small/tn_uk-flag.gif
Youssef Msakni,32,Tunisia,MFFW,QA Al-Arabi SC,https://www.worldometers.info//img/flags/small/tn_ts-flag.gif
Thomas Müller,33,Germany,FWMF,DE Bayern Munich,https://www.worldometers.info//img/flags/small/tn_gm-flag.gif
Munir,33,Morocco,GK,SA Al-Wehda,https://www.worldometers.info//img/flags/small/tn_mo-flag.gif
Mohammed Muntari,28,Qatar,FWMF,QA Al Duhail SC,https://www.worldometers.info//img/flags/small/tn_qa-flag.gif
Yunus Musah,20,United States,MF,ES Valencia,https://www.worldometers.info//img/flags/small/tn_us-flag.gif
Jamal Musiala,19,Germany,FWMF,DE Bayern Munich,https://www.worldometers.info//img/flags/small/tn_gm-flag.gif
Joakim Mæhle,25,Denmark,DF,IT Atalanta,https://www.worldometers.info//img/flags/small/tn_da-flag.gif
Georges-Kévin N'Koudou,27,Cameroon,FWMF,TR Beşiktaş,https://www.worldometers.info//img/flags/small/tn_cm-flag.gif
Yuto Nagatomo,36,Japan,DFMF,JP FC Tokyo,https://www.worldometers.info//img/flags/small/tn_ja-flag.gif
Sami Al-Najei,25,Saudi Arabia,MF,SA Al-Nassr,https://www.worldometers.info//img/flags/small/tn_sa-flag.gif
Keylor Navas,35,Costa Rica,GK,FR Paris S-G,https://www.worldometers.info//img/flags/small/tn_cs-flag.gif
Iliman Ndiaye,22,Senegal,FW,ENG Sheffield Utd,https://www.worldometers.info//img/flags/small/tn_sg-flag.gif
Victor Nelsson,24,Denmark,DF,TR Galatasaray,https://www.worldometers.info//img/flags/small/tn_da-flag.gif
Manuel Neuer,36,Germany,GK,DE Bayern Munich,https://www.worldometers.info//img/flags/small/tn_gm-flag.gif
Rúben Neves,25,Portugal,MF,ENG Wolves,https://www.worldometers.info//img/flags/small/tn_po-flag.gif
Neymar,30,Brazil,MF,FR Paris S-G,https://www.worldometers.info//img/flags/small/tn_br-flag.gif
Moumi Ngamaleu,28,Cameroon,FW,RU Dynamo Mosc,https://www.worldometers.info//img/flags/small/tn_cm-flag.gif
Rasmus Nissen,25,Denmark,DF,ENG Leeds United,https://www.worldometers.info//img/flags/small/tn_da-flag.gif
Nicolas Nkoulou,32,Cameroon,DF,GR Aris,https://www.worldometers.info//img/flags/small/tn_cm-flag.gif
Andries Noppert,28,Netherlands,GK,NL Heerenveen,https://www.worldometers.info//img/flags/small/tn_nl-flag.gif
Ahmad Nourollahi,29,IR Iran,MF,AE Al-Ahli Dubai FC,https://www.worldometers.info//img/flags/small/tn_ir-flag.gif
Matheus Nunes,24,Portugal,MF,ENG Wolves,https://www.worldometers.info//img/flags/small/tn_po-flag.gif
Darwin Núñez,23,Uruguay,FW,ENG Liverpool,https://www.worldometers.info//img/flags/small/tn_uy-flag.gif
Christian Nørgaard,28,Denmark,MF,ENG Brentford,https://www.worldometers.info//img/flags/small/tn_da-flag.gif
Guillermo Ochoa,37,Mexico,GK,MX América,https://www.worldometers.info//img/flags/small/tn_mx-flag.gif
Denis Odoi,34,Ghana,DF,BE Club Brugge,https://www.worldometers.info//img/flags/small/tn_gh-flag.gif
Noah Okafor,22,Switzerland,FW,AT RB Salzburg,https://www.worldometers.info//img/flags/small/tn_sz-flag.gif
Mathías Olivera,25,Uruguay,DF,IT Napoli,https://www.worldometers.info//img/flags/small/tn_uy-flag.gif
Dani Olmo,24,Spain,FW,DE RB Leipzig,https://www.worldometers.info//img/flags/small/tn_sp-flag.gif
Amadou Onana,21,Belgium,MF,ENG Everton,https://www.worldometers.info//img/flags/small/tn_be-flag.gif
André Onana,26,Cameroon,GK,IT Inter,https://www.worldometers.info//img/flags/small/tn_cm-flag.gif
Gaël Ondoua,27,Cameroon,MF,DE Hannover 96,https://www.worldometers.info//img/flags/small/tn_cm-flag.gif
Loïs Openda,22,Belgium,FW,FR Lens,https://www.worldometers.info//img/flags/small/tn_be-flag.gif
Mislav Oršić,29,Croatia,FW,HR Dinamo Zagreb,https://www.worldometers.info//img/flags/small/tn_hr-flag.gif
Jonathan Osorio,30,Canada,MFFW,US Toronto FC,https://www.worldometers.info//img/flags/small/tn_ca-flag.gif
Nicolás Otamendi,34,Argentina,DF,PT Benfica,https://www.worldometers.info//img/flags/small/tn_ar-flag.gif
Otávio,27,Portugal,MF,PT Porto,https://www.worldometers.info//img/flags/small/tn_po-flag.gif
Samuel Oum Gouet,24,Cameroon,MF,BE Mechelen,https://www.worldometers.info//img/flags/small/tn_cm-flag.gif
Azzedine Ounahi,22,Morocco,MF,FR Angers,https://www.worldometers.info//img/flags/small/tn_mo-flag.gif
Bryan Oviedo,32,Costa Rica,DF,US Real Salt Lake,https://www.worldometers.info//img/flags/small/tn_cs-flag.gif
Mohammed Al-Owais,31,Saudi Arabia,GK,SA Al-Hilal,https://www.worldometers.info//img/flags/small/tn_sa-flag.gif
Exequiel Palacios,24,Argentina,MF,DE Leverkusen,https://www.worldometers.info//img/flags/small/tn_ar-flag.gif
João Palhinha,27,Portugal,MF,ENG Fulham,https://www.worldometers.info//img/flags/small/tn_po-flag.gif
Lucas Paquetá,25,Brazil,MF,ENG West Ham,https://www.worldometers.info//img/flags/small/tn_br-flag.gif
Leandro Paredes,28,Argentina,MF,IT Juventus,https://www.worldometers.info//img/flags/small/tn_ar-flag.gif
Thomas Partey,29,Ghana,MF,ENG Arsenal,https://www.worldometers.info//img/flags/small/tn_gh-flag.gif
Mario Pašalić,27,Croatia,FWMF,IT Atalanta,https://www.worldometers.info//img/flags/small/tn_hr-flag.gif
Benjamin Pavard,26,France,DF,DE Bayern Munich,https://www.worldometers.info//img/flags/small/tn_fr-flag.gif
Strahinja Pavlović,21,Serbia,DF,AT RB Salzburg,https://www.worldometers.info//img/flags/small/tn_ri-flag.gif
Pedri,20,Spain,MF,ES Barcelona,https://www.worldometers.info//img/flags/small/tn_sp-flag.gif
Facundo Pellistri,20,Uruguay,FWMF,ENG Manchester Utd,https://www.worldometers.info//img/flags/small/tn_uy-flag.gif
Pepe,39,Portugal,DF,PT Porto,https://www.worldometers.info//img/flags/small/tn_po-flag.gif
Danilo Pereira,31,Portugal,DF,FR Paris S-G,https://www.worldometers.info//img/flags/small/tn_po-flag.gif
Ivan Perišić,33,Croatia,FW,ENG Tottenham,https://www.worldometers.info//img/flags/small/tn_hr-flag.gif
Bruno Petković,28,Croatia,FW,HR Dinamo Zagreb,https://www.worldometers.info//img/flags/small/tn_hr-flag.gif
Kalvin Phillips,26,England,MF,ENG Manchester City,https://www.worldometers.info//img/flags/small/tn_uk-flag.gif
Krzysztof Piątek,27,Poland,FW,IT Salernitana,https://www.worldometers.info//img/flags/small/tn_pl-flag.gif
Jordan Pickford,28,England,GK,ENG Everton,https://www.worldometers.info//img/flags/small/tn_uk-flag.gif
Gonzalo Plata,22,Ecuador,MFFW,ES Valladolid,https://www.worldometers.info//img/flags/small/tn_ec-flag.gif
Jackson Porozo,22,Ecuador,DF,FR Troyes,https://www.worldometers.info//img/flags/small/tn_ec-flag.gif
Morteza Pouraliganji,30,IR Iran,DF,IR Persepolis,https://www.worldometers.info//img/flags/small/tn_ir-flag.gif
Ángelo Preciado,24,Ecuador,DF,BE Genk,https://www.worldometers.info//img/flags/small/tn_ec-flag.gif
Christian Pulisic,24,United States,FWMF,ENG Chelsea,https://www.worldometers.info//img/flags/small/tn_us-flag.gif
Adrien Rabiot,27,France,MF,IT Juventus,https://www.worldometers.info//img/flags/small/tn_fr-flag.gif
Nemanja Radonjić,26,Serbia,DFFW,IT Torino,https://www.worldometers.info//img/flags/small/tn_ri-flag.gif
Baba Rahman,28,Ghana,DF,ENG Reading,https://www.worldometers.info//img/flags/small/tn_gh-flag.gif
Gonçalo Ramos,21,Portugal,FW,PT Benfica,https://www.worldometers.info//img/flags/small/tn_po-flag.gif
Aaron Ramsey,31,Wales,MF,FR Nice,https://www.worldometers.info//img/flags/small/tn_cy-flag.gif
Raphinha,25,Brazil,FW,ES Barcelona,https://www.worldometers.info//img/flags/small/tn_br-flag.gif
Marcus Rashford,25,England,FW,ENG Manchester Utd,https://www.worldometers.info//img/flags/small/tn_uk-flag.gif
David Raum,24,Germany,DF,DE RB Leipzig,https://www.worldometers.info//img/flags/small/tn_gm-flag.gif
Bassam Al-Rawi,24,Qatar,DF,QA Al Duhail SC,https://www.worldometers.info//img/flags/small/tn_qa-flag.gif
Tim Ream,35,United States,DF,ENG Fulham,https://www.worldometers.info//img/flags/small/tn_us-flag.gif
Djorkaeff Reasco,23,Ecuador,FW,AR Newell's OB,https://www.worldometers.info//img/flags/small/tn_ec-flag.gif
Gio Reyna,20,United States,FW,DE Dortmund,https://www.worldometers.info//img/flags/small/tn_us-flag.gif
Ramin Rezaeian,32,IR Iran,DF,IR Sepahan,https://www.worldometers.info//img/flags/small/tn_ir-flag.gif
Declan Rice,23,England,MF,ENG West Ham,https://www.worldometers.info//img/flags/small/tn_uk-flag.gif
Richarlison,25,Brazil,FW,ENG Tottenham,https://www.worldometers.info//img/flags/small/tn_br-flag.gif
Fabian Rieder,20,Switzerland,FW,CH Young Boys,https://www.worldometers.info//img/flags/small/tn_sz-flag.gif
Ró-Ró,32,Qatar,DF,QA Al Sadd SC,https://www.worldometers.info//img/flags/small/tn_qa-flag.gif
Connor Roberts,27,Wales,DF,ENG Burnley,https://www.worldometers.info//img/flags/small/tn_cy-flag.gif
Antonee Robinson,25,United States,DF,ENG Fulham,https://www.worldometers.info//img/flags/small/tn_us-flag.gif
Sergio Rochet,29,Uruguay,GK,UY Nacional,https://www.worldometers.info//img/flags/small/tn_uy-flag.gif
Joe Rodon,25,Wales,DF,FR Rennes,https://www.worldometers.info//img/flags/small/tn_cy-flag.gif
Rodri,26,Spain,DF,ENG Manchester City,https://www.worldometers.info//img/flags/small/tn_sp-flag.gif
Charly Rodríguez,25,Mexico,MF,MX Cruz Azul,https://www.worldometers.info//img/flags/small/tn_mx-flag.gif
Guido Rodríguez,28,Argentina,MF,ES Betis,https://www.worldometers.info//img/flags/small/tn_ar-flag.gif
Ricardo Rodríguez,30,Switzerland,DF,IT Torino,https://www.worldometers.info//img/flags/small/tn_sz-flag.gif
Rodrygo,21,Brazil,MF,ES Real Madrid,https://www.worldometers.info//img/flags/small/tn_br-flag.gif
Cristian Romero,24,Argentina,DF,ENG Tottenham,https://www.worldometers.info//img/flags/small/tn_ar-flag.gif
Cristiano Ronaldo,37,Portugal,FW,ENG Manchester Utd,https://www.worldometers.info//img/flags/small/tn_po-flag.gif
Marten de Roon,31,Netherlands,MF,IT Atalanta,https://www.worldometers.info//img/flags/small/tn_nl-flag.gif
Kye Rowles,24,Australia,DF,SCT Hearts,https://www.worldometers.info//img/flags/small/tn_as-flag.gif
Antonio Rüdiger,29,Germany,DF,ES Real Madrid,https://www.worldometers.info//img/flags/small/tn_gm-flag.gif
Bryan Ruiz,37,Costa Rica,MF,CR Liga Deportiva Alajuelense,https://www.worldometers.info//img/flags/small/tn_cs-flag.gif
Mathew Ryan,30,Australia,GK,DK FC Copenhagen,https://www.worldometers.info//img/flags/small/tn_as-flag.gif
Youssouf Sabaly,29,Senegal,DF,ES Betis,https://www.worldometers.info//img/flags/small/tn_sg-flag.gif
Abdelhamid Sabiri,26,Morocco,MF,IT Sampdoria,https://www.worldometers.info//img/flags/small/tn_mo-flag.gif
Romain Saïss,32,Morocco,DF,TR Beşiktaş,https://www.worldometers.info//img/flags/small/tn_mo-flag.gif
Bukayo Saka,21,England,FW,ENG Arsenal,https://www.worldometers.info//img/flags/small/tn_uk-flag.gif
Hiroki Sakai,32,Japan,DFMF,JP Urawa Reds,https://www.worldometers.info//img/flags/small/tn_ja-flag.gif
Youstin Salas,26,Costa Rica,MF,CR Deportivo Saprissa,https://www.worldometers.info//img/flags/small/tn_cs-flag.gif
Mohammed Salisu,23,Ghana,DF,ENG Southampton,https://www.worldometers.info//img/flags/small/tn_gh-flag.gif
Tarek Salman,24,Qatar,DF,QA Al Sadd SC,https://www.worldometers.info//img/flags/small/tn_qa-flag.gif
Alex Sandro,31,Brazil,DF,IT Juventus,https://www.worldometers.info//img/flags/small/tn_br-flag.gif
Leroy Sané,26,Germany,FW,DE Bayern Munich,https://www.worldometers.info//img/flags/small/tn_gm-flag.gif
Na Sang-ho,26,Korea Republic,FW,KR FC Seoul,https://www.worldometers.info//img/flags/small/tn_ks-flag.gif
Josh Sargent,22,United States,FW,ENG Norwich City,https://www.worldometers.info//img/flags/small/tn_us-flag.gif
Jeremy Sarmiento,20,Ecuador,MFFW,ENG Brighton,https://www.worldometers.info//img/flags/small/tn_ec-flag.gif
Ismaila Sarr,24,Senegal,FWMF,ENG Watford,https://www.worldometers.info//img/flags/small/tn_sg-flag.gif
Ferjani Sassi,30,Tunisia,MFDF,QA Al Duhail SC,https://www.worldometers.info//img/flags/small/tn_ts-flag.gif
Nico Schlotterbeck,22,Germany,DF,DE Dortmund,https://www.worldometers.info//img/flags/small/tn_gm-flag.gif
Kasper Schmeichel,36,Denmark,GK,FR Nice,https://www.worldometers.info//img/flags/small/tn_da-flag.gif
Haris Seferović,30,Switzerland,FW,TR Galatasaray,https://www.worldometers.info//img/flags/small/tn_sz-flag.gif
Alidu Seidu,22,Ghana,DF,FR Clermont Foot,https://www.worldometers.info//img/flags/small/tn_gh-flag.gif
Antoine Semenyo,22,Ghana,MF,ENG Bristol City,https://www.worldometers.info//img/flags/small/tn_gh-flag.gif
Kim Seung-gyu,32,Korea Republic,GK,SA Al-Shabab,https://www.worldometers.info//img/flags/small/tn_ks-flag.gif
Yasser Al-Shahrani,30,Saudi Arabia,DF,SA Al-Hilal,https://www.worldometers.info//img/flags/small/tn_sa-flag.gif
Xherdan Shaqiri,31,Switzerland,FW,US Chicago Fire,https://www.worldometers.info//img/flags/small/tn_sz-flag.gif
Luke Shaw,27,England,DF,ENG Manchester Utd,https://www.worldometers.info//img/flags/small/tn_uk-flag.gif
Saad Al Sheeb,32,Qatar,GK,QA Al Sadd SC,https://www.worldometers.info//img/flags/small/tn_qa-flag.gif
Saleh Al-Shehri,29,Saudi Arabia,FW,SA Al-Hilal,https://www.worldometers.info//img/flags/small/tn_sa-flag.gif
Bernardo Silva,28,Portugal,MF,ENG Manchester City,https://www.worldometers.info//img/flags/small/tn_po-flag.gif
Thiago Silva,38,Brazil,DF,ENG Chelsea,https://www.worldometers.info//img/flags/small/tn_br-flag.gif
Unai Simón,25,Spain,GK,ES Athletic Club,https://www.worldometers.info//img/flags/small/tn_sp-flag.gif
Ellyes Skhiri,27,Tunisia,MF,DE Köln,https://www.worldometers.info//img/flags/small/tn_ts-flag.gif
Andreas Skov Olsen,22,Denmark,FWMF,BE Club Brugge,https://www.worldometers.info//img/flags/small/tn_da-flag.gif
Naïm Sliti,30,Tunisia,MFFW,SA Al-Ettifaq,https://www.worldometers.info//img/flags/small/tn_ts-flag.gif
Carlos Soler,25,Spain,MF,FR Paris S-G,https://www.worldometers.info//img/flags/small/tn_sp-flag.gif
Yuki Soma,25,Japan,FWMF,JP Grampus,https://www.worldometers.info//img/flags/small/tn_ja-flag.gif
Yann Sommer,33,Switzerland,GK,DE M'Gladbach,https://www.worldometers.info//img/flags/small/tn_sz-flag.gif
Borna Sosa,24,Croatia,DF,DE Stuttgart,https://www.worldometers.info//img/flags/small/tn_hr-flag.gif
Harry Souttar,24,Australia,DF,ENG Stoke City,https://www.worldometers.info//img/flags/small/tn_as-flag.gif
Djibril Sow,25,Switzerland,MF,DE Eint Frankfurt,https://www.worldometers.info//img/flags/small/tn_sz-flag.gif
Renato Steffen,31,Switzerland,FW,CH Lugano,https://www.worldometers.info//img/flags/small/tn_sz-flag.gif
Raheem Sterling,27,England,FW,ENG Chelsea,https://www.worldometers.info//img/flags/small/tn_uk-flag.gif
John Stones,28,England,DF,ENG Manchester City,https://www.worldometers.info//img/flags/small/tn_uk-flag.gif
Luis Suárez,35,Uruguay,FW,UY Nacional,https://www.worldometers.info//img/flags/small/tn_uy-flag.gif
Niklas Süle,27,Germany,DF,DE Dortmund,https://www.worldometers.info//img/flags/small/tn_gm-flag.gif
Kamaldeen Sulemana,20,Ghana,FW,FR Rennes,https://www.worldometers.info//img/flags/small/tn_gh-flag.gif
Wojciech Szczęsny,32,Poland,GK,IT Juventus,https://www.worldometers.info//img/flags/small/tn_pl-flag.gif
Sebastian Szymański,23,Poland,MF,NL Feyenoord,https://www.worldometers.info//img/flags/small/tn_pl-flag.gif
Dušan Tadić,34,Serbia,MFFW,NL Ajax,https://www.worldometers.info//img/flags/small/tn_ri-flag.gif
Nicolás Tagliafico,30,Argentina,DF,FR Lyon,https://www.worldometers.info//img/flags/small/tn_ar-flag.gif
Montassar Talbi,24,Tunisia,DF,FR Lorient,https://www.worldometers.info//img/flags/small/tn_ts-flag.gif
Hassan Al Tambakti,23,Saudi Arabia,DF,SA Al-Shabab,https://www.worldometers.info//img/flags/small/tn_sa-flag.gif
Ao Tanaka,24,Japan,MF,DE Düsseldorf,https://www.worldometers.info//img/flags/small/tn_ja-flag.gif
Mehdi Taremi,30,IR Iran,FW,PT Porto,https://www.worldometers.info//img/flags/small/tn_ir-flag.gif
Kenneth Taylor,20,Netherlands,MF,NL Ajax,https://www.worldometers.info//img/flags/small/tn_nl-flag.gif
Aurélien Tchouaméni,22,France,MF,ES Real Madrid,https://www.worldometers.info//img/flags/small/tn_fr-flag.gif
Yeltsin Tejeda,30,Costa Rica,MF,CR Club Sport Herediano,https://www.worldometers.info//img/flags/small/tn_cs-flag.gif
Alex Telles,29,Brazil,DF,ES Sevilla,https://www.worldometers.info//img/flags/small/tn_br-flag.gif
Sorba Thomas,23,Wales,MF,ENG Huddersfield,https://www.worldometers.info//img/flags/small/tn_cy-flag.gif
Marcus Thuram,25,France,FW,DE M'Gladbach,https://www.worldometers.info//img/flags/small/tn_fr-flag.gif
Youri Tielemans,25,Belgium,MF,ENG Leicester City,https://www.worldometers.info//img/flags/small/tn_be-flag.gif
Jurrien Timber,21,Netherlands,DF,NL Ajax,https://www.worldometers.info//img/flags/small/tn_nl-flag.gif
Karl Toko Ekambi,30,Cameroon,FW,FR Lyon,https://www.worldometers.info//img/flags/small/tn_cm-flag.gif
Nouhou Tolo,25,Cameroon,DF,US Seattle,https://www.worldometers.info//img/flags/small/tn_cm-flag.gif
Takehiro Tomiyasu,24,Japan,DF,ENG Arsenal,https://www.worldometers.info//img/flags/small/tn_ja-flag.gif
Mehdi Torabi,28,IR Iran,MF,IR Persepolis,https://www.worldometers.info//img/flags/small/tn_ir-flag.gif
Félix Torres Caicedo,25,Ecuador,DF,MX Santos,https://www.worldometers.info//img/flags/small/tn_ec-flag.gif
Ferrán Torres,22,Spain,FW,ES Barcelona,https://www.worldometers.info//img/flags/small/tn_sp-flag.gif
Gerson Torres,25,Costa Rica,MF,CR Club Sport Herediano,https://www.worldometers.info//img/flags/small/tn_cs-flag.gif
Kieran Trippier,32,England,DF,ENG Newcastle Utd,https://www.worldometers.info//img/flags/small/tn_uk-flag.gif
Leandro Trossard,27,Belgium,MFDF,ENG Brighton,https://www.worldometers.info//img/flags/small/tn_be-flag.gif
Matt Turner,28,United States,GK,ENG Arsenal,https://www.worldometers.info//img/flags/small/tn_us-flag.gif
Ayase Ueda,24,Japan,FW,BE Cercle Brugge,https://www.worldometers.info//img/flags/small/tn_ja-flag.gif
Hwang Ui-jo,30,Korea Republic,FWMF,GR Olympiacos,https://www.worldometers.info//img/flags/small/tn_ks-flag.gif
Dayot Upamecano,24,France,DF,DE Bayern Munich,https://www.worldometers.info//img/flags/small/tn_fr-flag.gif
Enner Valencia,33,Ecuador,FWMF,TR Fenerbahçe,https://www.worldometers.info//img/flags/small/tn_ec-flag.gif
Federico Valverde,24,Uruguay,MF,ES Real Madrid,https://www.worldometers.info//img/flags/small/tn_uy-flag.gif
Virgil van Dijk,31,Netherlands,DF,ENG Liverpool,https://www.worldometers.info//img/flags/small/tn_nl-flag.gif
Raphaël Varane,29,France,DF,ENG Manchester Utd,https://www.worldometers.info//img/flags/small/tn_fr-flag.gif
Guillermo Varela,29,Uruguay,DF,BR Flamengo,https://www.worldometers.info//img/flags/small/tn_uy-flag.gif
Ruben Vargas,24,Switzerland,FW,DE Augsburg,https://www.worldometers.info//img/flags/small/tn_sz-flag.gif
Matías Vecino,31,Uruguay,MF,IT Lazio,https://www.worldometers.info//img/flags/small/tn_uy-flag.gif
Alexis Vega,25,Mexico,FW,MX Guadalajara,https://www.worldometers.info//img/flags/small/tn_mx-flag.gif
Miloš Veljković,27,Serbia,DF,DE Werder Bremen,https://www.worldometers.info//img/flags/small/tn_ri-flag.gif
Jan Vertonghen,35,Belgium,DF,BE Anderlecht,https://www.worldometers.info//img/flags/small/tn_be-flag.gif
Matías Viña,25,Uruguay,DF,IT Roma,https://www.worldometers.info//img/flags/small/tn_uy-flag.gif
Steven Vitória,35,Canada,DF,PT Chaves,https://www.worldometers.info//img/flags/small/tn_ca-flag.gif
Dušan Vlahović,22,Serbia,FW,IT Juventus,https://www.worldometers.info//img/flags/small/tn_ri-flag.gif
Nikola Vlašić,25,Croatia,FW,IT Torino,https://www.worldometers.info//img/flags/small/tn_hr-flag.gif
Mohammed Waad,23,Qatar,MFDF,QA Al Sadd SC,https://www.worldometers.info//img/flags/small/tn_qa-flag.gif
Kyle Walker,32,England,DF,ENG Manchester City,https://www.worldometers.info//img/flags/small/tn_uk-flag.gif
Danny Ward,29,Wales,GK,ENG Leicester City,https://www.worldometers.info//img/flags/small/tn_cy-flag.gif
Kendall Waston,34,Costa Rica,DF,CR Deportivo Saprissa,https://www.worldometers.info//img/flags/small/tn_cs-flag.gif
Timothy Weah,22,United States,FW,FR Lille,https://www.worldometers.info//img/flags/small/tn_us-flag.gif
Wout Weghorst,30,Netherlands,FW,TR Beşiktaş,https://www.worldometers.info//img/flags/small/tn_nl-flag.gif
Silvan Widmer,29,Switzerland,DF,DE Mainz 05,https://www.worldometers.info//img/flags/small/tn_sz-flag.gif
Iñaki Williams,28,Ghana,FW,ES Athletic Club,https://www.worldometers.info//img/flags/small/tn_gh-flag.gif
Neco Williams,21,Wales,DF,ENG Nott'ham Forest,https://www.worldometers.info//img/flags/small/tn_cy-flag.gif
Nico Williams,20,Spain,FW,ES Athletic Club,https://www.worldometers.info//img/flags/small/tn_sp-flag.gif
Callum Wilson,30,England,FW,ENG Newcastle Utd,https://www.worldometers.info//img/flags/small/tn_uk-flag.gif
Harry Wilson,25,Wales,MFFW,ENG Fulham,https://www.worldometers.info//img/flags/small/tn_cy-flag.gif
Axel Witsel,33,Belgium,MF,ES Atlético Madrid,https://www.worldometers.info//img/flags/small/tn_be-flag.gif
Jeong Woo-yeong,23,Korea Republic,MF,DE Freiburg,https://www.worldometers.info//img/flags/small/tn_ks-flag.gif
Jung Woo-young,32,Korea Republic,MF,QA Al Sadd SC,https://www.worldometers.info//img/flags/small/tn_ks-flag.gif
Haji Wright,24,United States,FW,TR Antalyaspor,https://www.worldometers.info//img/flags/small/tn_us-flag.gif
Granit Xhaka,30,Switzerland,MF,ENG Arsenal,https://www.worldometers.info//img/flags/small/tn_sz-flag.gif
Miki Yamane,28,Japan,DFMF,JP Kawa Frontale,https://www.worldometers.info//img/flags/small/tn_ja-flag.gif
Jawad El Yamiq,30,Morocco,DF,ES Valladolid,https://www.worldometers.info//img/flags/small/tn_mo-flag.gif
Taha Yassine Khenissi,30,Tunisia,FW,KW Kuwait SC,https://www.worldometers.info//img/flags/small/tn_ts-flag.gif
DeAndre Yedlin,29,United States,DF,US Inter Miami,https://www.worldometers.info//img/flags/small/tn_us-flag.gif
Maya Yoshida,34,Japan,DF,DE Schalke 04,https://www.worldometers.info//img/flags/small/tn_ja-flag.gif
Kim Young-gwon,32,Korea Republic,DF,KR Ulsan Hyundai,https://www.worldometers.info//img/flags/small/tn_ks-flag.gif
Nicola Zalewski,20,Poland,MF,IT Roma,https://www.worldometers.info//img/flags/small/tn_pl-flag.gif
Andre-Frank Zambo Anguissa,27,Cameroon,MF,IT Napoli,https://www.worldometers.info//img/flags/small/tn_cm-flag.gif
Álvaro Zamora,20,Costa Rica,MF,CR Deportivo Saprissa,https://www.worldometers.info//img/flags/small/tn_cs-flag.gif
Piotr Zieliński,28,Poland,MFFW,IT Napoli,https://www.worldometers.info//img/flags/small/tn_pl-flag.gif
Walker Zimmerman,29,United States,DF,US Nashville,https://www.worldometers.info//img/flags/small/tn_us-flag.gif
Andrija Živković,26,Serbia,DF,GR PAOK,https://www.worldometers.info//img/flags/small/tn_ri-flag.gif
Hakim Ziyech,29,Morocco,FW,ENG Chelsea,https://www.worldometers.info//img/flags/small/tn_mo-flag.gif
Filip Đuričić,30,Serbia,FW,IT Sampdoria,https://www.worldometers.info//img/flags/small/tn_ri-flag.gif
